,studyName,Sample Number,Species,Region,Island,Stage,Individual ID,Clutch Completion,Date Egg,Culmen Length (mm),Culmen Depth (mm),Flipper Length (mm),Body Mass (kg),Delta 15 N (o/oo),Delta 13 C (o/oo),Body Mass (kg)-binned,FEMALE,MALE
1,PAL0708,2,Adelie Penguin (Pygoscelis adeliae),Anvers,Torgersen,"Adult, 1 Egg Stage",N1A2,Yes,11/11/07,39.5,17.4,14.418075136839908,3.8,8.94956,-24.69454,low,1,0
2,PAL0708,3,Adelie Penguin (Pygoscelis adeliae),Anvers,Torgersen,"Adult, 1 Egg Stage",N2A1,Yes,11/16/07,40.3,18.0,14.418075136839908,3.25,8.36821,-25.33302,low,1,0
4,PAL0708,5,Adelie Penguin (Pygoscelis adeliae),Anvers,Torgersen,"Adult, 1 Egg Stage",N3A1,Yes,11/16/07,36.7,19.3,14.418075136839908,3.45,8.76651,-25.32426,low,1,0
5,PAL0708,6,Adelie Penguin (Pygoscelis adeliae),Anvers,Torgersen,"Adult, 1 Egg Stage",N3A2,Yes,11/16/07,39.3,20.6,14.418075136839908,3.65,8.66496,-25.29805,low,0,1
6,PAL0708,7,Adelie Penguin (Pygoscelis adeliae),Anvers,Torgersen,"Adult, 1 Egg Stage",N4A1,No,11/15/07,38.9,17.8,14.418075136839908,3.625,9.18718,-25.21799,low,1,0
7,PAL0708,8,Adelie Penguin (Pygoscelis adeliae),Anvers,Torgersen,"Adult, 1 Egg Stage",N4A2,No,11/15/07,39.2,19.6,14.418075136839908,4.675,9.4606,-24.89958,medium,0,1
9,PAL0708,10,Adelie Penguin (Pygoscelis adeliae),Anvers,Torgersen,"Adult, 1 Egg Stage",N5A2,Yes,11/9/07,42.0,20.2,14.418075136839908,4.25,9.13362,-25.09368,medium,0,0
10,PAL0708,11,Adelie Penguin (Pygoscelis adeliae),Anvers,Torgersen,"Adult, 1 Egg Stage",N6A1,Yes,11/9/07,37.8,17.1,14.418075136839908,3.3,8.63243,-25.21315,low,0,0
14,PAL0708,15,Adelie Penguin (Pygoscelis adeliae),Anvers,Torgersen,"Adult, 1 Egg Stage",N8A1,Yes,11/16/07,34.6,21.1,14.418075136839908,4.4,8.55583,-25.22588,medium,0,1
16,PAL0708,17,Adelie Penguin (Pygoscelis adeliae),Anvers,Torgersen,"Adult, 1 Egg Stage",N9A1,Yes,11/12/07,38.7,19.0,14.418075136839908,3.45,9.18528,-25.06691,low,1,0
17,PAL0708,18,Adelie Penguin (Pygoscelis adeliae),Anvers,Torgersen,"Adult, 1 Egg Stage",N9A2,Yes,11/12/07,42.5,20.7,14.418075136839908,4.5,8.67538,-25.13993,medium,0,1
18,PAL0708,19,Adelie Penguin (Pygoscelis adeliae),Anvers,Torgersen,"Adult, 1 Egg Stage",N10A1,Yes,11/16/07,34.4,18.4,14.418075136839908,3.325,8.47827,-25.23319,low,1,0
19,PAL0708,20,Adelie Penguin (Pygoscelis adeliae),Anvers,Torgersen,"Adult, 1 Egg Stage",N10A2,Yes,11/16/07,46.0,21.5,14.418075136839908,4.2,9.11616,-24.77227,medium,0,1
20,PAL0708,21,Adelie Penguin (Pygoscelis adeliae),Anvers,Biscoe,"Adult, 1 Egg Stage",N11A1,Yes,11/12/07,37.8,18.3,14.418075136839908,3.4,8.73762,-25.09383,low,1,0
21,PAL0708,22,Adelie Penguin (Pygoscelis adeliae),Anvers,Biscoe,"Adult, 1 Egg Stage",N11A2,Yes,11/12/07,37.7,18.7,14.418075136839908,3.6,8.66271,-25.0639,low,0,1
22,PAL0708,23,Adelie Penguin (Pygoscelis adeliae),Anvers,Biscoe,"Adult, 1 Egg Stage",N12A1,Yes,11/12/07,35.9,19.2,14.418075136839908,3.8,9.22286,-25.03474,low,1,0
23,PAL0708,24,Adelie Penguin (Pygoscelis adeliae),Anvers,Biscoe,"Adult, 1 Egg Stage",N12A2,Yes,11/12/07,38.2,18.1,14.418075136839908,3.95,8.43423,-25.22664,medium,0,1
24,PAL0708,25,Adelie Penguin (Pygoscelis adeliae),Anvers,Biscoe,"Adult, 1 Egg Stage",N13A1,Yes,11/10/07,38.8,17.2,14.418075136839908,3.8,9.63954,-25.29856,low,0,1
25,PAL0708,26,Adelie Penguin (Pygoscelis adeliae),Anvers,Biscoe,"Adult, 1 Egg Stage",N13A2,Yes,11/10/07,35.3,18.9,14.418075136839908,3.8,9.21292,-24.3613,low,1,0
26,PAL0708,27,Adelie Penguin (Pygoscelis adeliae),Anvers,Biscoe,"Adult, 1 Egg Stage",N17A1,Yes,11/12/07,40.6,18.6,14.418075136839908,3.55,8.93997,-25.36288,low,0,1
27,PAL0708,28,Adelie Penguin (Pygoscelis adeliae),Anvers,Biscoe,"Adult, 1 Egg Stage",N17A2,Yes,11/12/07,40.5,17.9,14.418075136839908,3.2,8.08138,-25.49448,low,1,0
28,PAL0708,29,Adelie Penguin (Pygoscelis adeliae),Anvers,Biscoe,"Adult, 1 Egg Stage",N18A1,No,11/10/07,37.9,18.6,14.418075136839908,3.15,8.38404,-25.19837,low,1,0
29,PAL0708,30,Adelie Penguin (Pygoscelis adeliae),Anvers,Biscoe,"Adult, 1 Egg Stage",N18A2,No,11/10/07,40.5,18.9,14.418075136839908,3.95,8.90027,-25.11609,medium,0,1
30,PAL0708,31,Adelie Penguin (Pygoscelis adeliae),Anvers,Dream,"Adult, 1 Egg Stage",N21A1,Yes,11/9/07,39.5,16.7,14.418075136839908,3.25,9.69756,-25.11223,low,1,0
31,PAL0708,32,Adelie Penguin (Pygoscelis adeliae),Anvers,Dream,"Adult, 1 Egg Stage",N21A2,Yes,11/9/07,37.2,18.1,14.418075136839908,3.9,9.72764,-25.0102,low,0,1
32,PAL0708,33,Adelie Penguin (Pygoscelis adeliae),Anvers,Dream,"Adult, 1 Egg Stage",N22A1,Yes,11/9/07,39.5,17.8,14.418075136839908,3.3,9.66523,-25.0602,low,1,0
33,PAL0708,34,Adelie Penguin (Pygoscelis adeliae),Anvers,Dream,"Adult, 1 Egg Stage",N22A2,Yes,11/9/07,40.9,18.9,14.418075136839908,3.9,8.79665,-25.14591,low,0,1
34,PAL0708,35,Adelie Penguin (Pygoscelis adeliae),Anvers,Dream,"Adult, 1 Egg Stage",N23A1,Yes,11/16/07,36.4,17.0,14.418075136839908,3.325,9.17847,-25.23061,low,1,0
35,PAL0708,36,Adelie Penguin (Pygoscelis adeliae),Anvers,Dream,"Adult, 1 Egg Stage",N23A2,Yes,11/16/07,39.2,21.1,14.418075136839908,4.15,9.15308,-25.03469,medium,0,1
36,PAL0708,37,Adelie Penguin (Pygoscelis adeliae),Anvers,Dream,"Adult, 1 Egg Stage",N24A1,Yes,11/16/07,38.8,20.0,14.418075136839908,3.95,9.18985,-25.12255,medium,0,1
37,PAL0708,38,Adelie Penguin (Pygoscelis adeliae),Anvers,Dream,"Adult, 1 Egg Stage",N24A2,Yes,11/16/07,42.2,18.5,14.418075136839908,3.55,8.04787,-25.49523,low,1,0
38,PAL0708,39,Adelie Penguin (Pygoscelis adeliae),Anvers,Dream,"Adult, 1 Egg Stage",N25A1,No,11/13/07,37.6,19.3,14.418075136839908,3.3,9.41131,-25.04169,low,1,0
40,PAL0708,41,Adelie Penguin (Pygoscelis adeliae),Anvers,Dream,"Adult, 1 Egg Stage",N26A1,Yes,11/16/07,36.5,18.0,14.418075136839908,3.15,9.68933,-24.4228,low,1,0
42,PAL0708,43,Adelie Penguin (Pygoscelis adeliae),Anvers,Dream,"Adult, 1 Egg Stage",N27A1,Yes,11/19/07,36.0,18.5,14.418075136839908,3.1,9.50772,-25.03492,low,1,0
43,PAL0708,44,Adelie Penguin (Pygoscelis adeliae),Anvers,Dream,"Adult, 1 Egg Stage",N27A2,Yes,11/19/07,44.1,19.7,14.418075136839908,4.4,9.2372,-24.52698,medium,0,1
44,PAL0708,45,Adelie Penguin (Pygoscelis adeliae),Anvers,Dream,"Adult, 1 Egg Stage",N28A1,Yes,11/16/07,37.0,16.9,14.418075136839908,3.0,9.36392,-25.01745,low,1,0
45,PAL0708,46,Adelie Penguin (Pygoscelis adeliae),Anvers,Dream,"Adult, 1 Egg Stage",N28A2,Yes,11/16/07,39.6,18.8,14.418075136839908,4.6,9.49106,-24.10255,medium,0,1
48,PAL0708,49,Adelie Penguin (Pygoscelis adeliae),Anvers,Dream,"Adult, 1 Egg Stage",N30A1,Yes,11/13/07,36.0,17.9,14.418075136839908,3.45,9.51784,-25.07683,low,1,0
49,PAL0708,50,Adelie Penguin (Pygoscelis adeliae),Anvers,Dream,"Adult, 1 Egg Stage",N30A2,Yes,11/13/07,42.3,21.2,14.418075136839908,4.15,8.87988,-25.18543,medium,0,1
50,PAL0809,51,Adelie Penguin (Pygoscelis adeliae),Anvers,Biscoe,"Adult, 1 Egg Stage",N21A1,Yes,11/6/08,39.6,17.7,14.418075136839908,3.5,8.46616,-26.12989,low,1,0
51,PAL0809,52,Adelie Penguin (Pygoscelis adeliae),Anvers,Biscoe,"Adult, 1 Egg Stage",N21A2,Yes,11/6/08,40.1,18.9,14.418075136839908,4.3,8.51362,-26.55602,medium,0,1
52,PAL0809,53,Adelie Penguin (Pygoscelis adeliae),Anvers,Biscoe,"Adult, 1 Egg Stage",N22A1,Yes,11/9/08,35.0,17.9,14.418075136839908,3.45,8.19539,-26.17213,low,1,0
53,PAL0809,54,Adelie Penguin (Pygoscelis adeliae),Anvers,Biscoe,"Adult, 1 Egg Stage",N22A2,Yes,11/9/08,42.0,19.5,14.418075136839908,4.05,8.48095,-26.3146,medium,0,1
54,PAL0809,55,Adelie Penguin (Pygoscelis adeliae),Anvers,Biscoe,"Adult, 1 Egg Stage",N23A1,Yes,11/9/08,34.5,18.1,14.418075136839908,2.9,8.41837,-26.54718,low,1,0
55,PAL0809,56,Adelie Penguin (Pygoscelis adeliae),Anvers,Biscoe,"Adult, 1 Egg Stage",N23A2,Yes,11/9/08,41.4,18.6,14.418075136839908,3.7,8.35396,-26.27853,low,0,1
56,PAL0809,57,Adelie Penguin (Pygoscelis adeliae),Anvers,Biscoe,"Adult, 1 Egg Stage",N24A1,Yes,11/15/08,39.0,17.5,14.418075136839908,3.55,8.57199,-26.07188,low,1,0
57,PAL0809,58,Adelie Penguin (Pygoscelis adeliae),Anvers,Biscoe,"Adult, 1 Egg Stage",N24A2,Yes,11/15/08,40.6,18.8,14.418075136839908,3.8,8.56674,-25.98843,low,0,1
58,PAL0809,59,Adelie Penguin (Pygoscelis adeliae),Anvers,Biscoe,"Adult, 1 Egg Stage",N25A1,Yes,11/15/08,36.5,16.6,14.418075136839908,2.85,9.07878,-25.88156,low,1,0
59,PAL0809,60,Adelie Penguin (Pygoscelis adeliae),Anvers,Biscoe,"Adult, 1 Egg Stage",N25A2,Yes,11/15/08,37.6,19.1,14.418075136839908,3.75,9.108,-25.89677,low,0,1
60,PAL0809,61,Adelie Penguin (Pygoscelis adeliae),Anvers,Biscoe,"Adult, 1 Egg Stage",N27A1,Yes,11/13/08,35.7,16.9,14.418075136839908,3.15,8.96472,-26.40943,low,1,0
61,PAL0809,62,Adelie Penguin (Pygoscelis adeliae),Anvers,Biscoe,"Adult, 1 Egg Stage",N27A2,Yes,11/13/08,41.3,21.1,14.418075136839908,4.4,8.74802,-26.37809,medium,0,1
62,PAL0809,63,Adelie Penguin (Pygoscelis adeliae),Anvers,Biscoe,"Adult, 1 Egg Stage",N28A1,Yes,11/13/08,37.6,17.0,14.418075136839908,3.6,8.58063,-26.21569,low,1,0
63,PAL0809,64,Adelie Penguin (Pygoscelis adeliae),Anvers,Biscoe,"Adult, 1 Egg Stage",N28A2,Yes,11/13/08,41.1,18.2,14.418075136839908,4.05,8.62264,-26.60023,medium,0,1
64,PAL0809,65,Adelie Penguin (Pygoscelis adeliae),Anvers,Biscoe,"Adult, 1 Egg Stage",N29A1,Yes,11/13/08,36.4,17.1,14.418075136839908,2.85,8.62623,-26.1165,low,1,0
65,PAL0809,66,Adelie Penguin (Pygoscelis adeliae),Anvers,Biscoe,"Adult, 1 Egg Stage",N29A2,Yes,11/13/08,41.6,18.0,14.418075136839908,3.95,8.85562,-26.09294,medium,0,1
66,PAL0809,67,Adelie Penguin (Pygoscelis adeliae),Anvers,Biscoe,"Adult, 1 Egg Stage",N30A1,Yes,11/6/08,35.5,16.2,14.418075136839908,3.35,8.56192,-25.95541,low,1,0
67,PAL0809,68,Adelie Penguin (Pygoscelis adeliae),Anvers,Biscoe,"Adult, 1 Egg Stage",N30A2,Yes,11/6/08,41.1,19.1,14.418075136839908,4.1,8.71078,-25.81012,medium,0,1
68,PAL0809,69,Adelie Penguin (Pygoscelis adeliae),Anvers,Torgersen,"Adult, 1 Egg Stage",N32A1,No,11/11/08,35.9,16.6,14.418075136839908,3.05,8.47781,-26.07821,low,1,0
69,PAL0809,70,Adelie Penguin (Pygoscelis adeliae),Anvers,Torgersen,"Adult, 1 Egg Stage",N32A2,No,11/11/08,41.8,19.4,14.418075136839908,4.45,8.86853,-26.06209,medium,0,1
70,PAL0809,71,Adelie Penguin (Pygoscelis adeliae),Anvers,Torgersen,"Adult, 1 Egg Stage",N34A1,Yes,11/14/08,33.5,19.0,14.418075136839908,3.6,7.88863,-26.63085,low,1,0
71,PAL0809,72,Adelie Penguin (Pygoscelis adeliae),Anvers,Torgersen,"Adult, 1 Egg Stage",N34A2,Yes,11/14/08,39.7,18.4,14.418075136839908,3.9,9.29808,-25.23453,low,0,1
72,PAL0809,73,Adelie Penguin (Pygoscelis adeliae),Anvers,Torgersen,"Adult, 1 Egg Stage",N35A1,Yes,11/11/08,39.6,17.2,14.418075136839908,3.55,8.33524,-26.55351,low,1,0
73,PAL0809,74,Adelie Penguin (Pygoscelis adeliae),Anvers,Torgersen,"Adult, 1 Egg Stage",N35A2,Yes,11/11/08,45.8,18.9,14.418075136839908,4.15,8.18658,-26.45978,medium,0,1
74,PAL0809,75,Adelie Penguin (Pygoscelis adeliae),Anvers,Torgersen,"Adult, 1 Egg Stage",N36A1,Yes,11/8/08,35.5,17.5,14.418075136839908,3.7,8.70642,-26.15003,low,1,0
75,PAL0809,76,Adelie Penguin (Pygoscelis adeliae),Anvers,Torgersen,"Adult, 1 Egg Stage",N36A2,Yes,11/8/08,42.8,18.5,14.418075136839908,4.25,8.2993,-26.38986,medium,0,1
76,PAL0809,77,Adelie Penguin (Pygoscelis adeliae),Anvers,Torgersen,"Adult, 1 Egg Stage",N37A1,Yes,11/6/08,40.9,16.8,14.418075136839908,3.7,8.47257,-26.02002,low,1,0
77,PAL0809,78,Adelie Penguin (Pygoscelis adeliae),Anvers,Torgersen,"Adult, 1 Egg Stage",N37A2,Yes,11/6/08,37.2,19.4,14.418075136839908,3.9,8.3554,-26.44787,low,0,1
78,PAL0809,79,Adelie Penguin (Pygoscelis adeliae),Anvers,Torgersen,"Adult, 1 Egg Stage",N38A1,Yes,11/9/08,36.2,16.1,14.418075136839908,3.55,7.82381,-26.51382,low,1,0
79,PAL0809,80,Adelie Penguin (Pygoscelis adeliae),Anvers,Torgersen,"Adult, 1 Egg Stage",N38A2,Yes,11/9/08,42.1,19.1,14.418075136839908,4.0,9.05736,-25.81513,medium,0,1
80,PAL0809,81,Adelie Penguin (Pygoscelis adeliae),Anvers,Torgersen,"Adult, 1 Egg Stage",N39A1,Yes,11/2/08,34.6,17.2,14.418075136839908,3.2,7.69778,-26.5387,low,1,0
81,PAL0809,82,Adelie Penguin (Pygoscelis adeliae),Anvers,Torgersen,"Adult, 1 Egg Stage",N39A2,Yes,11/2/08,42.9,17.6,14.418075136839908,4.7,8.63259,-26.23027,medium,0,1
82,PAL0809,83,Adelie Penguin (Pygoscelis adeliae),Anvers,Torgersen,"Adult, 1 Egg Stage",N40A1,Yes,11/7/08,36.7,18.8,14.418075136839908,3.8,7.88494,-26.24837,low,1,0
83,PAL0809,84,Adelie Penguin (Pygoscelis adeliae),Anvers,Torgersen,"Adult, 1 Egg Stage",N40A2,Yes,11/7/08,35.1,19.4,14.418075136839908,4.2,8.90002,-26.46254,medium,0,1
84,PAL0809,85,Adelie Penguin (Pygoscelis adeliae),Anvers,Dream,"Adult, 1 Egg Stage",N41A1,Yes,11/17/08,37.3,17.8,14.418075136839908,3.35,8.32718,-26.38396,low,1,0
85,PAL0809,86,Adelie Penguin (Pygoscelis adeliae),Anvers,Dream,"Adult, 1 Egg Stage",N41A2,Yes,11/17/08,41.3,20.3,14.418075136839908,3.55,9.14863,-26.09635,low,0,1
86,PAL0809,87,Adelie Penguin (Pygoscelis adeliae),Anvers,Dream,"Adult, 1 Egg Stage",N42A1,Yes,11/8/08,36.3,19.5,14.418075136839908,3.8,8.57087,-26.22227,low,0,1
87,PAL0809,88,Adelie Penguin (Pygoscelis adeliae),Anvers,Dream,"Adult, 1 Egg Stage",N42A2,Yes,11/8/08,36.9,18.6,14.418075136839908,3.5,8.59147,-26.08165,low,1,0
88,PAL0809,89,Adelie Penguin (Pygoscelis adeliae),Anvers,Dream,"Adult, 1 Egg Stage",N44A1,Yes,11/8/08,38.3,19.2,14.418075136839908,3.95,9.07826,-26.12417,medium,0,1
89,PAL0809,90,Adelie Penguin (Pygoscelis adeliae),Anvers,Dream,"Adult, 1 Egg Stage",N44A2,Yes,11/8/08,38.9,18.8,14.418075136839908,3.6,8.36936,-26.11199,low,1,0
90,PAL0809,91,Adelie Penguin (Pygoscelis adeliae),Anvers,Dream,"Adult, 1 Egg Stage",N45A1,Yes,11/14/08,35.7,18.0,14.418075136839908,3.55,8.46531,-26.05621,low,1,0
91,PAL0809,92,Adelie Penguin (Pygoscelis adeliae),Anvers,Dream,"Adult, 1 Egg Stage",N45A2,Yes,11/14/08,41.1,18.1,14.418075136839908,4.3,8.77018,-25.83352,medium,0,1
92,PAL0809,93,Adelie Penguin (Pygoscelis adeliae),Anvers,Dream,"Adult, 1 Egg Stage",N46A1,Yes,11/5/08,34.0,17.1,14.418075136839908,3.4,8.01485,-26.69543,low,1,0
93,PAL0809,94,Adelie Penguin (Pygoscelis adeliae),Anvers,Dream,"Adult, 1 Egg Stage",N46A2,Yes,11/5/08,39.6,18.1,14.418075136839908,4.45,8.49915,-26.42406,medium,0,1
94,PAL0809,95,Adelie Penguin (Pygoscelis adeliae),Anvers,Dream,"Adult, 1 Egg Stage",N48A1,Yes,11/17/08,36.2,17.3,14.418075136839908,3.3,8.90723,-26.30037,low,1,0
95,PAL0809,96,Adelie Penguin (Pygoscelis adeliae),Anvers,Dream,"Adult, 1 Egg Stage",N48A2,Yes,11/17/08,40.8,18.9,14.418075136839908,4.3,8.48204,-26.57941,medium,0,1
96,PAL0809,97,Adelie Penguin (Pygoscelis adeliae),Anvers,Dream,"Adult, 1 Egg Stage",N49A1,Yes,11/8/08,38.1,18.6,14.418075136839908,3.7,8.10277,-26.50086,low,1,0
97,PAL0809,98,Adelie Penguin (Pygoscelis adeliae),Anvers,Dream,"Adult, 1 Egg Stage",N49A2,Yes,11/8/08,40.3,18.5,14.418075136839908,4.35,8.39459,-26.01152,medium,0,1
98,PAL0809,99,Adelie Penguin (Pygoscelis adeliae),Anvers,Dream,"Adult, 1 Egg Stage",N50A1,Yes,11/10/08,33.1,16.1,14.418075136839908,2.9,9.04218,-26.15775,low,1,0
99,PAL0809,100,Adelie Penguin (Pygoscelis adeliae),Anvers,Dream,"Adult, 1 Egg Stage",N50A2,Yes,11/10/08,43.2,18.5,14.418075136839908,4.1,8.97025,-26.03679,medium,0,1
100,PAL0910,101,Adelie Penguin (Pygoscelis adeliae),Anvers,Biscoe,"Adult, 1 Egg Stage",N47A1,Yes,11/9/09,35.0,17.9,14.418075136839908,3.725,8.84451,-26.28055,low,1,0
101,PAL0910,102,Adelie Penguin (Pygoscelis adeliae),Anvers,Biscoe,"Adult, 1 Egg Stage",N47A2,Yes,11/9/09,41.0,20.0,14.418075136839908,4.725,9.01079,-26.38085,medium,0,1
102,PAL0910,103,Adelie Penguin (Pygoscelis adeliae),Anvers,Biscoe,"Adult, 1 Egg Stage",N49A1,Yes,11/15/09,37.7,16.0,14.418075136839908,3.075,9.2151,-26.2253,low,1,0
103,PAL0910,104,Adelie Penguin (Pygoscelis adeliae),Anvers,Biscoe,"Adult, 1 Egg Stage",N49A2,Yes,11/15/09,37.8,20.0,14.418075136839908,4.25,9.51929,-25.69199,medium,0,1
104,PAL0910,105,Adelie Penguin (Pygoscelis adeliae),Anvers,Biscoe,"Adult, 1 Egg Stage",N51A1,Yes,11/15/09,37.9,18.6,14.418075136839908,2.925,9.02642,-25.86482,low,1,0
105,PAL0910,106,Adelie Penguin (Pygoscelis adeliae),Anvers,Biscoe,"Adult, 1 Egg Stage",N51A2,Yes,11/15/09,39.7,18.9,14.418075136839908,3.55,8.85699,-25.80208,low,0,1
106,PAL0910,107,Adelie Penguin (Pygoscelis adeliae),Anvers,Biscoe,"Adult, 1 Egg Stage",N53A1,Yes,11/15/09,38.6,17.2,14.418075136839908,3.75,8.77322,-26.48973,low,1,0
107,PAL0910,108,Adelie Penguin (Pygoscelis adeliae),Anvers,Biscoe,"Adult, 1 Egg Stage",N53A2,Yes,11/15/09,38.2,20.0,14.418075136839908,3.9,9.59245,-25.70711,low,0,1
108,PAL0910,109,Adelie Penguin (Pygoscelis adeliae),Anvers,Biscoe,"Adult, 1 Egg Stage",N55A1,Yes,11/20/09,38.1,17.0,14.418075136839908,3.175,9.79532,-25.27385,low,1,0
109,PAL0910,110,Adelie Penguin (Pygoscelis adeliae),Anvers,Biscoe,"Adult, 1 Egg Stage",N55A2,Yes,11/20/09,43.2,19.0,14.418075136839908,4.775,9.31735,-25.45171,medium,0,1
110,PAL0910,111,Adelie Penguin (Pygoscelis adeliae),Anvers,Biscoe,"Adult, 1 Egg Stage",N58A1,Yes,11/12/09,38.1,16.5,14.418075136839908,3.825,8.43951,-26.57563,low,1,0
111,PAL0910,112,Adelie Penguin (Pygoscelis adeliae),Anvers,Biscoe,"Adult, 1 Egg Stage",N58A2,Yes,11/12/09,45.6,20.3,14.418075136839908,4.6,8.65466,-26.32909,medium,0,1
112,PAL0910,113,Adelie Penguin (Pygoscelis adeliae),Anvers,Biscoe,"Adult, 1 Egg Stage",N60A1,Yes,11/15/09,39.7,17.7,14.418075136839908,3.2,9.02657,-26.06203,low,1,0
113,PAL0910,114,Adelie Penguin (Pygoscelis adeliae),Anvers,Biscoe,"Adult, 1 Egg Stage",N60A2,Yes,11/15/09,42.2,19.5,14.418075136839908,4.275,8.80186,-26.41218,medium,0,1
114,PAL0910,115,Adelie Penguin (Pygoscelis adeliae),Anvers,Biscoe,"Adult, 1 Egg Stage",N61A1,Yes,11/17/09,39.6,20.7,14.418075136839908,3.9,8.80967,-26.78958,low,1,0
115,PAL0910,116,Adelie Penguin (Pygoscelis adeliae),Anvers,Biscoe,"Adult, 1 Egg Stage",N61A2,Yes,11/17/09,42.7,18.3,14.418075136839908,4.075,8.91434,-26.42018,medium,0,1
116,PAL0910,117,Adelie Penguin (Pygoscelis adeliae),Anvers,Torgersen,"Adult, 1 Egg Stage",N63A1,Yes,11/18/09,38.6,17.0,14.418075136839908,2.9,9.18021,-25.77264,low,1,0
117,PAL0910,118,Adelie Penguin (Pygoscelis adeliae),Anvers,Torgersen,"Adult, 1 Egg Stage",N63A2,Yes,11/18/09,37.3,20.5,14.418075136839908,3.775,9.49645,-26.36678,low,0,1
118,PAL0910,119,Adelie Penguin (Pygoscelis adeliae),Anvers,Torgersen,"Adult, 1 Egg Stage",N64A1,Yes,11/22/09,35.7,17.0,14.418075136839908,3.35,8.96436,-23.90309,low,1,0
119,PAL0910,120,Adelie Penguin (Pygoscelis adeliae),Anvers,Torgersen,"Adult, 1 Egg Stage",N64A2,Yes,11/22/09,41.1,18.6,14.418075136839908,3.325,9.32277,-26.09989,low,0,1
120,PAL0910,121,Adelie Penguin (Pygoscelis adeliae),Anvers,Torgersen,"Adult, 1 Egg Stage",N66A1,No,11/17/09,36.2,17.2,14.418075136839908,3.15,9.04296,-26.19444,low,1,0
121,PAL0910,122,Adelie Penguin (Pygoscelis adeliae),Anvers,Torgersen,"Adult, 1 Egg Stage",N66A2,No,11/17/09,37.7,19.8,14.418075136839908,3.5,9.11066,-26.42563,low,0,1
122,PAL0910,123,Adelie Penguin (Pygoscelis adeliae),Anvers,Torgersen,"Adult, 1 Egg Stage",N67A1,Yes,11/16/09,40.2,17.0,14.418075136839908,3.45,9.30722,-25.61039,low,1,0
123,PAL0910,124,Adelie Penguin (Pygoscelis adeliae),Anvers,Torgersen,"Adult, 1 Egg Stage",N67A2,Yes,11/16/09,41.4,18.5,14.418075136839908,3.875,9.59462,-25.42621,low,0,1
124,PAL0910,125,Adelie Penguin (Pygoscelis adeliae),Anvers,Torgersen,"Adult, 1 Egg Stage",N69A1,Yes,11/18/09,35.2,15.9,14.418075136839908,3.05,8.81668,-25.95399,low,1,0
125,PAL0910,126,Adelie Penguin (Pygoscelis adeliae),Anvers,Torgersen,"Adult, 1 Egg Stage",N69A2,Yes,11/18/09,40.6,19.0,14.418075136839908,4.0,9.22537,-25.60826,medium,0,1
126,PAL0910,127,Adelie Penguin (Pygoscelis adeliae),Anvers,Torgersen,"Adult, 1 Egg Stage",N71A1,Yes,11/21/09,38.8,17.6,14.418075136839908,3.275,8.88098,-25.89741,low,1,0
127,PAL0910,128,Adelie Penguin (Pygoscelis adeliae),Anvers,Torgersen,"Adult, 1 Egg Stage",N71A2,Yes,11/21/09,41.5,18.3,14.418075136839908,4.3,8.52566,-26.0245,medium,0,1
128,PAL0910,129,Adelie Penguin (Pygoscelis adeliae),Anvers,Torgersen,"Adult, 1 Egg Stage",N72A1,Yes,11/18/09,39.0,17.1,14.418075136839908,3.05,9.19031,-25.73722,low,1,0
129,PAL0910,130,Adelie Penguin (Pygoscelis adeliae),Anvers,Torgersen,"Adult, 1 Egg Stage",N72A2,Yes,11/18/09,44.1,18.0,14.418075136839908,4.0,9.10702,-26.01363,medium,0,1
130,PAL0910,131,Adelie Penguin (Pygoscelis adeliae),Anvers,Torgersen,"Adult, 1 Egg Stage",N73A1,No,11/23/09,38.5,17.9,14.418075136839908,3.325,8.9846,-25.57956,low,1,0
131,PAL0910,132,Adelie Penguin (Pygoscelis adeliae),Anvers,Torgersen,"Adult, 1 Egg Stage",N73A2,No,11/23/09,43.1,19.2,14.418075136839908,3.5,8.86495,-26.1396,low,0,1
132,PAL0910,133,Adelie Penguin (Pygoscelis adeliae),Anvers,Dream,"Adult, 1 Egg Stage",N76A1,Yes,11/10/09,36.8,18.5,14.418075136839908,3.5,8.98705,-25.57647,low,1,0
133,PAL0910,134,Adelie Penguin (Pygoscelis adeliae),Anvers,Dream,"Adult, 1 Egg Stage",N76A2,Yes,11/10/09,37.5,18.5,14.418075136839908,4.475,8.56708,-26.49288,medium,0,1
134,PAL0910,135,Adelie Penguin (Pygoscelis adeliae),Anvers,Dream,"Adult, 1 Egg Stage",N77A1,Yes,11/13/09,38.1,17.6,14.418075136839908,3.425,8.717,-25.77951,low,1,0
135,PAL0910,136,Adelie Penguin (Pygoscelis adeliae),Anvers,Dream,"Adult, 1 Egg Stage",N77A2,Yes,11/13/09,41.1,17.5,14.418075136839908,3.9,8.94365,-26.06943,low,0,1
136,PAL0910,137,Adelie Penguin (Pygoscelis adeliae),Anvers,Dream,"Adult, 1 Egg Stage",N78A1,Yes,11/16/09,35.6,17.5,14.418075136839908,3.175,8.75984,-25.97696,low,1,0
137,PAL0910,138,Adelie Penguin (Pygoscelis adeliae),Anvers,Dream,"Adult, 1 Egg Stage",N78A2,Yes,11/16/09,40.2,20.1,14.418075136839908,3.975,8.95998,-26.32601,medium,0,1
138,PAL0910,139,Adelie Penguin (Pygoscelis adeliae),Anvers,Dream,"Adult, 1 Egg Stage",N79A1,No,11/16/09,37.0,16.5,14.418075136839908,3.4,8.61651,-26.07021,low,1,0
139,PAL0910,140,Adelie Penguin (Pygoscelis adeliae),Anvers,Dream,"Adult, 1 Egg Stage",N79A2,No,11/16/09,39.7,17.9,14.418075136839908,4.25,9.25769,-25.88798,medium,0,1
140,PAL0910,141,Adelie Penguin (Pygoscelis adeliae),Anvers,Dream,"Adult, 1 Egg Stage",N80A1,Yes,11/14/09,40.2,17.1,14.418075136839908,3.4,9.2881,-25.54976,low,1,0
141,PAL0910,142,Adelie Penguin (Pygoscelis adeliae),Anvers,Dream,"Adult, 1 Egg Stage",N80A2,Yes,11/14/09,40.6,17.2,14.418075136839908,3.475,9.23408,-26.01549,low,0,1
142,PAL0910,143,Adelie Penguin (Pygoscelis adeliae),Anvers,Dream,"Adult, 1 Egg Stage",N81A1,Yes,11/16/09,32.1,15.5,14.418075136839908,3.05,8.79787,-26.61075,low,1,0
143,PAL0910,144,Adelie Penguin (Pygoscelis adeliae),Anvers,Dream,"Adult, 1 Egg Stage",N81A2,Yes,11/16/09,40.7,17.0,14.418075136839908,3.725,9.05674,-25.79529,low,0,1
144,PAL0910,145,Adelie Penguin (Pygoscelis adeliae),Anvers,Dream,"Adult, 1 Egg Stage",N82A1,Yes,11/16/09,37.3,16.8,14.418075136839908,3.0,9.06829,-25.85203,low,1,0
145,PAL0910,146,Adelie Penguin (Pygoscelis adeliae),Anvers,Dream,"Adult, 1 Egg Stage",N82A2,Yes,11/16/09,39.0,18.7,14.418075136839908,3.65,9.22033,-26.03442,low,0,1
146,PAL0910,147,Adelie Penguin (Pygoscelis adeliae),Anvers,Dream,"Adult, 1 Egg Stage",N83A1,Yes,11/13/09,39.2,18.6,14.418075136839908,4.25,9.11006,-25.79549,medium,0,1
147,PAL0910,148,Adelie Penguin (Pygoscelis adeliae),Anvers,Dream,"Adult, 1 Egg Stage",N83A2,Yes,11/13/09,36.6,18.4,14.418075136839908,3.475,8.68744,-25.8306,low,1,0
148,PAL0910,149,Adelie Penguin (Pygoscelis adeliae),Anvers,Dream,"Adult, 1 Egg Stage",N84A1,Yes,11/17/09,36.0,17.8,14.418075136839908,3.45,8.94332,-25.79189,low,1,0
149,PAL0910,150,Adelie Penguin (Pygoscelis adeliae),Anvers,Dream,"Adult, 1 Egg Stage",N84A2,Yes,11/17/09,37.8,18.1,14.418075136839908,3.75,8.97533,-26.03495,low,0,1
150,PAL0910,151,Adelie Penguin (Pygoscelis adeliae),Anvers,Dream,"Adult, 1 Egg Stage",N85A1,Yes,11/17/09,36.0,17.1,14.418075136839908,3.7,8.93465,-26.07081,low,1,0
151,PAL0910,152,Adelie Penguin (Pygoscelis adeliae),Anvers,Dream,"Adult, 1 Egg Stage",N85A2,Yes,11/17/09,41.5,18.5,14.418075136839908,4.0,8.8964,-26.06967,medium,0,1
152,PAL0708,1,Chinstrap penguin (Pygoscelis antarctica),Anvers,Dream,"Adult, 1 Egg Stage",N61A1,No,11/19/07,46.5,17.9,14.418075136839908,3.5,9.03935,-24.30229,low,1,0
153,PAL0708,2,Chinstrap penguin (Pygoscelis antarctica),Anvers,Dream,"Adult, 1 Egg Stage",N61A2,No,11/19/07,50.0,19.5,14.418075136839908,3.9,8.92069,-24.23592,low,0,1
154,PAL0708,3,Chinstrap penguin (Pygoscelis antarctica),Anvers,Dream,"Adult, 1 Egg Stage",N62A1,Yes,11/26/07,51.3,19.2,14.418075136839908,3.65,9.29078,-24.7557,low,0,1
155,PAL0708,4,Chinstrap penguin (Pygoscelis antarctica),Anvers,Dream,"Adult, 1 Egg Stage",N62A2,Yes,11/26/07,45.4,18.7,14.418075136839908,3.525,8.64701,-24.62717,low,1,0
156,PAL0708,5,Chinstrap penguin (Pygoscelis antarctica),Anvers,Dream,"Adult, 1 Egg Stage",N64A1,Yes,11/21/07,52.7,19.8,14.418075136839908,3.725,9.00642,-24.61867,low,0,1
157,PAL0708,6,Chinstrap penguin (Pygoscelis antarctica),Anvers,Dream,"Adult, 1 Egg Stage",N64A2,Yes,11/21/07,45.2,17.8,14.418075136839908,3.95,8.88942,-24.49433,medium,1,0
158,PAL0708,7,Chinstrap penguin (Pygoscelis antarctica),Anvers,Dream,"Adult, 1 Egg Stage",N66A1,Yes,11/28/07,46.1,18.2,14.418075136839908,3.25,8.85664,-24.55644,low,1,0
159,PAL0708,8,Chinstrap penguin (Pygoscelis antarctica),Anvers,Dream,"Adult, 1 Egg Stage",N66A2,Yes,11/28/07,51.3,18.2,14.418075136839908,3.75,8.63701,-24.84059,low,0,1
160,PAL0708,9,Chinstrap penguin (Pygoscelis antarctica),Anvers,Dream,"Adult, 1 Egg Stage",N67A1,Yes,11/21/07,46.0,18.9,14.418075136839908,4.15,8.47173,-24.29229,medium,1,0
161,PAL0708,10,Chinstrap penguin (Pygoscelis antarctica),Anvers,Dream,"Adult, 1 Egg Stage",N67A2,Yes,11/21/07,51.3,19.9,14.418075136839908,3.7,8.79581,-24.36088,low,0,1
162,PAL0708,11,Chinstrap penguin (Pygoscelis antarctica),Anvers,Dream,"Adult, 1 Egg Stage",N68A1,Yes,11/28/07,46.6,17.8,14.418075136839908,3.8,8.95063,-24.59897,low,1,0
163,PAL0708,12,Chinstrap penguin (Pygoscelis antarctica),Anvers,Dream,"Adult, 1 Egg Stage",N68A2,Yes,11/28/07,51.7,20.3,14.418075136839908,3.775,8.68747,-24.38751,low,0,1
164,PAL0708,13,Chinstrap penguin (Pygoscelis antarctica),Anvers,Dream,"Adult, 1 Egg Stage",N69A1,Yes,11/26/07,47.0,17.3,14.418075136839908,3.7,8.72037,-24.80526,low,1,0
165,PAL0708,14,Chinstrap penguin (Pygoscelis antarctica),Anvers,Dream,"Adult, 1 Egg Stage",N69A2,Yes,11/26/07,52.0,18.1,14.418075136839908,4.05,9.0233,-24.38933,medium,0,1
166,PAL0708,15,Chinstrap penguin (Pygoscelis antarctica),Anvers,Dream,"Adult, 1 Egg Stage",N70A1,Yes,11/22/07,45.9,17.1,14.418075136839908,3.575,9.12277,-24.90024,low,1,0
167,PAL0708,16,Chinstrap penguin (Pygoscelis antarctica),Anvers,Dream,"Adult, 1 Egg Stage",N70A2,Yes,11/22/07,50.5,19.6,14.418075136839908,4.05,9.8059,-24.7294,medium,0,1
168,PAL0708,17,Chinstrap penguin (Pygoscelis antarctica),Anvers,Dream,"Adult, 1 Egg Stage",N71A1,No,11/30/07,50.3,20.0,14.418075136839908,3.3,10.02019,-24.54704,low,0,1
169,PAL0708,18,Chinstrap penguin (Pygoscelis antarctica),Anvers,Dream,"Adult, 1 Egg Stage",N71A2,No,11/30/07,58.0,17.8,14.418075136839908,3.7,9.14382,-24.57994,low,1,0
170,PAL0708,19,Chinstrap penguin (Pygoscelis antarctica),Anvers,Dream,"Adult, 1 Egg Stage",N72A1,Yes,11/30/07,46.4,18.6,14.418075136839908,3.45,9.32105,-24.64162,low,1,0
171,PAL0708,20,Chinstrap penguin (Pygoscelis antarctica),Anvers,Dream,"Adult, 1 Egg Stage",N72A2,Yes,11/30/07,49.2,18.2,14.418075136839908,4.4,9.27158,-24.64335,medium,0,1
172,PAL0708,21,Chinstrap penguin (Pygoscelis antarctica),Anvers,Dream,"Adult, 1 Egg Stage",N73A1,Yes,12/3/07,42.4,17.3,14.418075136839908,3.6,9.35138,-24.6879,low,1,0
173,PAL0708,22,Chinstrap penguin (Pygoscelis antarctica),Anvers,Dream,"Adult, 1 Egg Stage",N73A2,Yes,12/3/07,48.5,17.5,14.418075136839908,3.4,9.42666,-24.26375,low,0,1
174,PAL0708,23,Chinstrap penguin (Pygoscelis antarctica),Anvers,Dream,"Adult, 1 Egg Stage",N85A1,No,11/28/07,43.2,16.6,14.418075136839908,2.9,9.35416,-25.01185,low,1,0
175,PAL0708,24,Chinstrap penguin (Pygoscelis antarctica),Anvers,Dream,"Adult, 1 Egg Stage",N85A2,No,11/28/07,50.6,19.4,14.418075136839908,3.8,9.28153,-24.97134,low,0,1
176,PAL0708,25,Chinstrap penguin (Pygoscelis antarctica),Anvers,Dream,"Adult, 1 Egg Stage",N89A1,No,11/28/07,46.7,17.9,14.418075136839908,3.3,9.74144,-24.59467,low,1,0
177,PAL0708,26,Chinstrap penguin (Pygoscelis antarctica),Anvers,Dream,"Adult, 1 Egg Stage",N89A2,No,11/28/07,52.0,19.0,14.418075136839908,4.15,9.36799,-24.47142,medium,0,1
178,PAL0809,27,Chinstrap penguin (Pygoscelis antarctica),Anvers,Dream,"Adult, 1 Egg Stage",N61A1,No,11/25/08,50.5,18.4,14.418075136839908,3.4,8.9399,-23.89017,low,1,0
179,PAL0809,28,Chinstrap penguin (Pygoscelis antarctica),Anvers,Dream,"Adult, 1 Egg Stage",N61A2,No,11/25/08,49.5,19.0,14.418075136839908,3.8,9.63074,-24.34684,low,0,1
180,PAL0809,29,Chinstrap penguin (Pygoscelis antarctica),Anvers,Dream,"Adult, 1 Egg Stage",N62A1,Yes,11/14/08,46.4,17.8,14.418075136839908,3.7,9.37369,-24.52896,low,1,0
181,PAL0809,30,Chinstrap penguin (Pygoscelis antarctica),Anvers,Dream,"Adult, 1 Egg Stage",N62A2,Yes,11/14/08,52.8,20.0,14.418075136839908,4.55,9.25177,-24.69638,medium,0,1
182,PAL0809,31,Chinstrap penguin (Pygoscelis antarctica),Anvers,Dream,"Adult, 1 Egg Stage",N63A1,Yes,11/24/08,40.9,16.6,14.418075136839908,3.2,9.08458,-24.54903,low,1,0
183,PAL0809,32,Chinstrap penguin (Pygoscelis antarctica),Anvers,Dream,"Adult, 1 Egg Stage",N63A2,Yes,11/24/08,54.2,20.8,14.418075136839908,4.3,9.49283,-24.59996,medium,0,1
184,PAL0809,33,Chinstrap penguin (Pygoscelis antarctica),Anvers,Dream,"Adult, 1 Egg Stage",N65A1,Yes,11/24/08,42.5,16.7,14.418075136839908,3.35,9.36668,-24.45195,low,1,0
185,PAL0809,34,Chinstrap penguin (Pygoscelis antarctica),Anvers,Dream,"Adult, 1 Egg Stage",N65A2,Yes,11/24/08,51.0,18.8,14.418075136839908,4.1,9.23196,-24.17282,medium,0,1
186,PAL0809,35,Chinstrap penguin (Pygoscelis antarctica),Anvers,Dream,"Adult, 1 Egg Stage",N67A1,Yes,11/25/08,49.7,18.6,14.418075136839908,3.6,9.75486,-24.31198,low,0,1
187,PAL0809,36,Chinstrap penguin (Pygoscelis antarctica),Anvers,Dream,"Adult, 1 Egg Stage",N67A2,Yes,11/25/08,47.5,16.8,14.418075136839908,3.9,9.07825,-25.1455,low,1,0
188,PAL0809,37,Chinstrap penguin (Pygoscelis antarctica),Anvers,Dream,"Adult, 1 Egg Stage",N69A1,Yes,11/14/08,47.6,18.3,14.418075136839908,3.85,8.83502,-24.65859,low,1,0
189,PAL0809,38,Chinstrap penguin (Pygoscelis antarctica),Anvers,Dream,"Adult, 1 Egg Stage",N69A2,Yes,11/14/08,52.0,20.7,14.418075136839908,4.8,9.43146,-24.6844,medium,0,1
190,PAL0809,39,Chinstrap penguin (Pygoscelis antarctica),Anvers,Dream,"Adult, 1 Egg Stage",N72A1,No,11/24/08,46.9,16.6,14.418075136839908,2.7,9.80589,-24.73735,low,1,0
191,PAL0809,40,Chinstrap penguin (Pygoscelis antarctica),Anvers,Dream,"Adult, 1 Egg Stage",N72A2,No,11/24/08,53.5,19.9,14.418075136839908,4.5,10.02544,-24.90816,medium,0,1
192,PAL0809,41,Chinstrap penguin (Pygoscelis antarctica),Anvers,Dream,"Adult, 1 Egg Stage",N74A1,Yes,11/24/08,49.0,19.5,14.418075136839908,3.95,9.53262,-24.66867,medium,0,1
193,PAL0809,42,Chinstrap penguin (Pygoscelis antarctica),Anvers,Dream,"Adult, 1 Egg Stage",N74A2,Yes,11/24/08,46.2,17.5,14.418075136839908,3.65,9.61734,-24.66188,low,1,0
194,PAL0809,43,Chinstrap penguin (Pygoscelis antarctica),Anvers,Dream,"Adult, 1 Egg Stage",N75A1,Yes,11/14/08,50.9,19.1,14.418075136839908,3.55,10.02372,-24.86594,low,0,1
195,PAL0809,44,Chinstrap penguin (Pygoscelis antarctica),Anvers,Dream,"Adult, 1 Egg Stage",N75A2,Yes,11/14/08,45.5,17.0,14.418075136839908,3.5,9.36493,-24.66259,low,1,0
196,PAL0910,45,Chinstrap penguin (Pygoscelis antarctica),Anvers,Dream,"Adult, 1 Egg Stage",N86A1,Yes,11/17/09,50.9,17.9,14.418075136839908,3.675,9.43684,-24.16566,low,1,0
197,PAL0910,46,Chinstrap penguin (Pygoscelis antarctica),Anvers,Dream,"Adult, 1 Egg Stage",N86A2,Yes,11/17/09,50.8,18.5,14.418075136839908,4.45,9.45827,-24.35575,medium,0,1
198,PAL0910,47,Chinstrap penguin (Pygoscelis antarctica),Anvers,Dream,"Adult, 1 Egg Stage",N87A1,Yes,11/27/09,50.1,17.9,14.418075136839908,3.4,9.46819,-24.45721,low,1,0
199,PAL0910,48,Chinstrap penguin (Pygoscelis antarctica),Anvers,Dream,"Adult, 1 Egg Stage",N87A2,Yes,11/27/09,49.0,19.6,14.418075136839908,4.3,9.34089,-24.45189,medium,0,1
200,PAL0910,49,Chinstrap penguin (Pygoscelis antarctica),Anvers,Dream,"Adult, 1 Egg Stage",N88A1,Yes,11/23/09,51.5,18.7,14.418075136839908,3.25,9.6895,-24.43062,low,0,1
201,PAL0910,50,Chinstrap penguin (Pygoscelis antarctica),Anvers,Dream,"Adult, 1 Egg Stage",N88A2,Yes,11/23/09,49.8,17.3,14.418075136839908,3.675,9.32169,-24.41562,low,1,0
202,PAL0910,51,Chinstrap penguin (Pygoscelis antarctica),Anvers,Dream,"Adult, 1 Egg Stage",N90A1,Yes,11/21/09,48.1,16.4,14.418075136839908,3.325,9.46929,-24.48403,low,1,0
203,PAL0910,52,Chinstrap penguin (Pygoscelis antarctica),Anvers,Dream,"Adult, 1 Egg Stage",N90A2,Yes,11/21/09,51.4,19.0,14.418075136839908,3.95,9.43782,-24.36202,medium,0,1
204,PAL0910,53,Chinstrap penguin (Pygoscelis antarctica),Anvers,Dream,"Adult, 1 Egg Stage",N92A1,Yes,11/23/09,45.7,17.3,14.418075136839908,3.6,9.415,-24.805,low,1,0
205,PAL0910,54,Chinstrap penguin (Pygoscelis antarctica),Anvers,Dream,"Adult, 1 Egg Stage",N92A2,Yes,11/23/09,50.7,19.7,14.418075136839908,4.05,9.93727,-24.59066,medium,0,1
206,PAL0910,55,Chinstrap penguin (Pygoscelis antarctica),Anvers,Dream,"Adult, 1 Egg Stage",N93A1,Yes,11/27/09,42.5,17.3,14.418075136839908,3.35,9.56534,-24.60882,low,1,0
207,PAL0910,56,Chinstrap penguin (Pygoscelis antarctica),Anvers,Dream,"Adult, 1 Egg Stage",N93A2,Yes,11/27/09,52.2,18.8,14.418075136839908,3.45,9.77528,-24.56481,low,0,1
208,PAL0910,57,Chinstrap penguin (Pygoscelis antarctica),Anvers,Dream,"Adult, 1 Egg Stage",N94A1,Yes,11/21/09,45.2,16.6,14.418075136839908,3.25,9.62357,-24.78984,low,1,0
209,PAL0910,58,Chinstrap penguin (Pygoscelis antarctica),Anvers,Dream,"Adult, 1 Egg Stage",N94A2,Yes,11/21/09,49.3,19.9,14.418075136839908,4.05,9.88809,-24.59513,medium,0,1
210,PAL0910,59,Chinstrap penguin (Pygoscelis antarctica),Anvers,Dream,"Adult, 1 Egg Stage",N95A1,Yes,11/21/09,50.2,18.8,14.418075136839908,3.8,9.74492,-24.404,low,0,1
211,PAL0910,60,Chinstrap penguin (Pygoscelis antarctica),Anvers,Dream,"Adult, 1 Egg Stage",N95A2,Yes,11/21/09,45.6,19.4,14.418075136839908,3.525,9.46985,-24.65786,low,1,0
213,PAL0910,62,Chinstrap penguin (Pygoscelis antarctica),Anvers,Dream,"Adult, 1 Egg Stage",N96A2,Yes,11/27/09,46.8,16.5,14.418075136839908,3.65,9.65061,-24.48153,low,1,0
214,PAL0910,63,Chinstrap penguin (Pygoscelis antarctica),Anvers,Dream,"Adult, 1 Egg Stage",N98A1,Yes,11/19/09,45.7,17.0,14.418075136839908,3.65,9.26715,-24.31912,low,1,0
215,PAL0910,64,Chinstrap penguin (Pygoscelis antarctica),Anvers,Dream,"Adult, 1 Egg Stage",N98A2,Yes,11/19/09,55.8,19.8,14.418075136839908,4.0,9.70465,-24.53494,medium,0,1
216,PAL0910,65,Chinstrap penguin (Pygoscelis antarctica),Anvers,Dream,"Adult, 1 Egg Stage",N99A1,No,11/21/09,43.5,18.1,14.418075136839908,3.4,9.37608,-24.40753,low,1,0
217,PAL0910,66,Chinstrap penguin (Pygoscelis antarctica),Anvers,Dream,"Adult, 1 Egg Stage",N99A2,No,11/21/09,49.6,18.2,14.418075136839908,3.775,9.4618,-24.70615,low,0,1
218,PAL0910,67,Chinstrap penguin (Pygoscelis antarctica),Anvers,Dream,"Adult, 1 Egg Stage",N100A1,Yes,11/21/09,50.8,19.0,14.418075136839908,4.1,9.98044,-24.68741,medium,0,1
219,PAL0910,68,Chinstrap penguin (Pygoscelis antarctica),Anvers,Dream,"Adult, 1 Egg Stage",N100A2,Yes,11/21/09,50.2,18.7,14.418075136839908,3.775,9.39305,-24.25255,low,1,0
220,PAL0708,1,Gentoo penguin (Pygoscelis papua),Anvers,Biscoe,"Adult, 1 Egg Stage",N31A1,Yes,11/27/07,46.1,13.2,14.418075136839908,4.5,7.993,-25.5139,medium,1,0
221,PAL0708,2,Gentoo penguin (Pygoscelis papua),Anvers,Biscoe,"Adult, 1 Egg Stage",N31A2,Yes,11/27/07,50.0,16.3,14.418075136839908,5.7,8.14756,-25.39369,heavy,0,1
222,PAL0708,3,Gentoo penguin (Pygoscelis papua),Anvers,Biscoe,"Adult, 1 Egg Stage",N32A1,Yes,11/27/07,48.7,14.1,14.418075136839908,4.45,8.14705,-25.46172,medium,1,0
223,PAL0708,4,Gentoo penguin (Pygoscelis papua),Anvers,Biscoe,"Adult, 1 Egg Stage",N32A2,Yes,11/27/07,50.0,15.2,14.418075136839908,5.7,8.2554,-25.40075,heavy,0,1
224,PAL0708,5,Gentoo penguin (Pygoscelis papua),Anvers,Biscoe,"Adult, 1 Egg Stage",N33A1,Yes,11/18/07,47.6,14.5,14.418075136839908,5.4,8.2345,-25.54456,heavy,0,1
225,PAL0708,6,Gentoo penguin (Pygoscelis papua),Anvers,Biscoe,"Adult, 1 Egg Stage",N33A2,Yes,11/18/07,46.5,13.5,14.418075136839908,4.55,7.9953,-25.32829,medium,1,0
226,PAL0708,7,Gentoo penguin (Pygoscelis papua),Anvers,Biscoe,"Adult, 1 Egg Stage",N34A1,Yes,11/27/07,45.4,14.6,14.418075136839908,4.8,8.24515,-25.46782,medium,1,0
227,PAL0708,8,Gentoo penguin (Pygoscelis papua),Anvers,Biscoe,"Adult, 1 Egg Stage",N34A2,Yes,11/27/07,46.7,15.3,14.418075136839908,5.2,8.22673,-25.4276,heavy,0,1
228,PAL0708,9,Gentoo penguin (Pygoscelis papua),Anvers,Biscoe,"Adult, 1 Egg Stage",N35A1,Yes,11/27/07,43.3,13.4,14.418075136839908,4.4,8.13643,-25.32176,medium,1,0
229,PAL0708,10,Gentoo penguin (Pygoscelis papua),Anvers,Biscoe,"Adult, 1 Egg Stage",N35A2,Yes,11/27/07,46.8,15.4,14.418075136839908,5.15,8.1631,-25.38017,heavy,0,1
230,PAL0708,11,Gentoo penguin (Pygoscelis papua),Anvers,Biscoe,"Adult, 1 Egg Stage",N36A1,No,11/27/07,40.9,13.7,14.418075136839908,4.65,8.19579,-25.3933,medium,1,0
231,PAL0708,12,Gentoo penguin (Pygoscelis papua),Anvers,Biscoe,"Adult, 1 Egg Stage",N36A2,No,11/27/07,49.0,16.1,14.418075136839908,5.55,8.10417,-25.50562,heavy,0,1
232,PAL0708,13,Gentoo penguin (Pygoscelis papua),Anvers,Biscoe,"Adult, 1 Egg Stage",N37A1,Yes,11/29/07,45.5,13.7,14.418075136839908,4.65,7.77672,-25.4168,medium,1,0
233,PAL0708,14,Gentoo penguin (Pygoscelis papua),Anvers,Biscoe,"Adult, 1 Egg Stage",N37A2,Yes,11/29/07,48.4,14.6,14.418075136839908,5.85,7.8208,-25.48025,heavy,0,1
234,PAL0708,15,Gentoo penguin (Pygoscelis papua),Anvers,Biscoe,"Adult, 1 Egg Stage",N38A1,Yes,12/3/07,45.8,14.6,14.418075136839908,4.2,7.79958,-25.62618,medium,1,0
235,PAL0708,16,Gentoo penguin (Pygoscelis papua),Anvers,Biscoe,"Adult, 1 Egg Stage",N38A2,Yes,12/3/07,49.3,15.7,14.418075136839908,5.85,8.07137,-25.52473,heavy,0,1
236,PAL0708,17,Gentoo penguin (Pygoscelis papua),Anvers,Biscoe,"Adult, 1 Egg Stage",N39A1,Yes,11/27/07,42.0,13.5,14.418075136839908,4.15,7.63884,-25.52627,medium,1,0
237,PAL0708,18,Gentoo penguin (Pygoscelis papua),Anvers,Biscoe,"Adult, 1 Egg Stage",N39A2,Yes,11/27/07,49.2,15.2,14.418075136839908,6.3,8.27376,-25.00169,heavy,0,1
238,PAL0708,19,Gentoo penguin (Pygoscelis papua),Anvers,Biscoe,"Adult, 1 Egg Stage",N40A1,Yes,11/27/07,46.2,14.5,14.418075136839908,4.8,7.84057,-25.37899,medium,1,0
239,PAL0708,20,Gentoo penguin (Pygoscelis papua),Anvers,Biscoe,"Adult, 1 Egg Stage",N40A2,Yes,11/27/07,48.7,15.1,14.418075136839908,5.35,7.96491,-25.39587,heavy,0,1
240,PAL0708,21,Gentoo penguin (Pygoscelis papua),Anvers,Biscoe,"Adult, 1 Egg Stage",N41A1,Yes,11/27/07,50.2,14.3,14.418075136839908,5.7,7.8962,-25.37746,heavy,0,1
241,PAL0708,22,Gentoo penguin (Pygoscelis papua),Anvers,Biscoe,"Adult, 1 Egg Stage",N41A2,Yes,11/27/07,45.1,14.5,14.418075136839908,5.0,7.6322,-25.46569,medium,1,0
242,PAL0708,23,Gentoo penguin (Pygoscelis papua),Anvers,Biscoe,"Adult, 1 Egg Stage",N42A1,Yes,11/27/07,46.5,14.5,14.418075136839908,4.4,7.90436,-25.3947,medium,1,0
243,PAL0708,24,Gentoo penguin (Pygoscelis papua),Anvers,Biscoe,"Adult, 1 Egg Stage",N42A2,Yes,11/27/07,46.3,15.8,14.418075136839908,5.05,7.90971,-25.38157,medium,0,1
244,PAL0708,25,Gentoo penguin (Pygoscelis papua),Anvers,Biscoe,"Adult, 1 Egg Stage",N44A1,Yes,11/29/07,42.9,13.1,14.418075136839908,5.0,7.68528,-25.39181,medium,1,0
245,PAL0708,26,Gentoo penguin (Pygoscelis papua),Anvers,Biscoe,"Adult, 1 Egg Stage",N44A2,Yes,11/29/07,46.1,15.1,14.418075136839908,5.1,7.83733,-25.42826,medium,0,1
246,PAL0708,27,Gentoo penguin (Pygoscelis papua),Anvers,Biscoe,"Adult, 1 Egg Stage",N46A1,Yes,11/29/07,44.5,14.3,14.418075136839908,4.1,7.96621,-25.69327,medium,0,0
247,PAL0708,28,Gentoo penguin (Pygoscelis papua),Anvers,Biscoe,"Adult, 1 Egg Stage",N46A2,Yes,11/29/07,47.8,15.0,14.418075136839908,5.65,7.92358,-25.48383,heavy,0,1
248,PAL0708,29,Gentoo penguin (Pygoscelis papua),Anvers,Biscoe,"Adult, 1 Egg Stage",N47A1,Yes,11/29/07,48.2,14.3,14.418075136839908,4.6,7.6887,-25.50811,medium,1,0
249,PAL0708,30,Gentoo penguin (Pygoscelis papua),Anvers,Biscoe,"Adult, 1 Egg Stage",N47A2,Yes,11/29/07,50.0,15.3,14.418075136839908,5.55,8.30515,-25.19017,heavy,0,1
251,PAL0708,32,Gentoo penguin (Pygoscelis papua),Anvers,Biscoe,"Adult, 1 Egg Stage",N50A2,Yes,11/29/07,42.8,14.2,14.418075136839908,4.7,7.63452,-25.46327,medium,1,0
252,PAL0708,33,Gentoo penguin (Pygoscelis papua),Anvers,Biscoe,"Adult, 1 Egg Stage",N56A1,Yes,12/3/07,45.1,14.5,14.418075136839908,5.05,7.97408,-25.53768,medium,1,0
253,PAL0708,34,Gentoo penguin (Pygoscelis papua),Anvers,Biscoe,"Adult, 1 Egg Stage",N56A2,Yes,12/3/07,59.6,17.0,14.418075136839908,6.05,7.76843,-25.6821,heavy,0,1
254,PAL0809,35,Gentoo penguin (Pygoscelis papua),Anvers,Biscoe,"Adult, 1 Egg Stage",N2A1,Yes,11/13/08,49.1,14.8,14.418075136839908,5.15,7.89744,-26.63405,heavy,1,0
255,PAL0809,36,Gentoo penguin (Pygoscelis papua),Anvers,Biscoe,"Adult, 1 Egg Stage",N2A2,Yes,11/13/08,48.4,16.3,14.418075136839908,5.4,8.03659,-26.86127,heavy,0,1
256,PAL0809,37,Gentoo penguin (Pygoscelis papua),Anvers,Biscoe,"Adult, 1 Egg Stage",N4A1,Yes,11/2/08,42.6,13.7,14.418075136839908,4.95,7.96935,-26.70968,medium,1,0
257,PAL0809,38,Gentoo penguin (Pygoscelis papua),Anvers,Biscoe,"Adult, 1 Egg Stage",N4A2,Yes,11/2/08,44.4,17.3,14.418075136839908,5.25,8.13746,-26.79093,heavy,0,1
258,PAL0809,39,Gentoo penguin (Pygoscelis papua),Anvers,Biscoe,"Adult, 1 Egg Stage",N5A1,Yes,11/9/08,44.0,13.6,14.418075136839908,4.35,8.01979,-26.68311,medium,1,0
259,PAL0809,40,Gentoo penguin (Pygoscelis papua),Anvers,Biscoe,"Adult, 1 Egg Stage",N5A2,Yes,11/9/08,48.7,15.7,14.418075136839908,5.35,8.14776,-26.84506,heavy,0,1
260,PAL0809,41,Gentoo penguin (Pygoscelis papua),Anvers,Biscoe,"Adult, 1 Egg Stage",N6A1,No,11/4/08,42.7,13.7,14.418075136839908,3.95,8.14567,-26.59467,medium,1,0
261,PAL0809,42,Gentoo penguin (Pygoscelis papua),Anvers,Biscoe,"Adult, 1 Egg Stage",N6A2,No,11/4/08,49.6,16.0,14.418075136839908,5.7,8.38324,-26.84272,heavy,0,1
262,PAL0809,43,Gentoo penguin (Pygoscelis papua),Anvers,Biscoe,"Adult, 1 Egg Stage",N7A1,Yes,11/4/08,45.3,13.7,14.418075136839908,4.3,8.37615,-26.72791,medium,1,0
263,PAL0809,44,Gentoo penguin (Pygoscelis papua),Anvers,Biscoe,"Adult, 1 Egg Stage",N7A2,Yes,11/4/08,49.6,15.0,14.418075136839908,4.75,8.26548,-26.7699,medium,0,1
264,PAL0809,45,Gentoo penguin (Pygoscelis papua),Anvers,Biscoe,"Adult, 1 Egg Stage",N8A1,Yes,11/3/08,50.5,15.9,14.418075136839908,5.55,8.46894,-26.60436,heavy,0,1
265,PAL0809,46,Gentoo penguin (Pygoscelis papua),Anvers,Biscoe,"Adult, 1 Egg Stage",N8A2,Yes,11/3/08,43.6,13.9,14.418075136839908,4.9,8.27141,-26.7765,medium,1,0
266,PAL0809,47,Gentoo penguin (Pygoscelis papua),Anvers,Biscoe,"Adult, 1 Egg Stage",N11A1,No,11/9/08,45.5,13.9,14.418075136839908,4.2,8.47829,-26.61788,medium,1,0
267,PAL0809,48,Gentoo penguin (Pygoscelis papua),Anvers,Biscoe,"Adult, 1 Egg Stage",N11A2,No,11/9/08,50.5,15.9,14.418075136839908,5.4,8.65803,-26.57585,heavy,0,1
268,PAL0809,49,Gentoo penguin (Pygoscelis papua),Anvers,Biscoe,"Adult, 1 Egg Stage",N12A1,Yes,11/2/08,44.9,13.3,14.418075136839908,5.1,8.45167,-26.89644,medium,1,0
269,PAL0809,50,Gentoo penguin (Pygoscelis papua),Anvers,Biscoe,"Adult, 1 Egg Stage",N12A2,Yes,11/2/08,45.2,15.8,14.418075136839908,5.3,8.55868,-26.67799,heavy,0,1
270,PAL0809,51,Gentoo penguin (Pygoscelis papua),Anvers,Biscoe,"Adult, 1 Egg Stage",N13A1,Yes,11/4/08,46.6,14.2,14.418075136839908,4.85,8.38289,-26.86352,medium,1,0
271,PAL0809,52,Gentoo penguin (Pygoscelis papua),Anvers,Biscoe,"Adult, 1 Egg Stage",N13A2,Yes,11/4/08,48.5,14.1,14.418075136839908,5.3,8.39867,-26.79358,heavy,0,1
272,PAL0809,53,Gentoo penguin (Pygoscelis papua),Anvers,Biscoe,"Adult, 1 Egg Stage",N14A1,Yes,11/4/08,45.1,14.4,14.418075136839908,4.4,8.51951,-27.01854,medium,1,0
273,PAL0809,54,Gentoo penguin (Pygoscelis papua),Anvers,Biscoe,"Adult, 1 Egg Stage",N14A2,Yes,11/4/08,50.1,15.0,14.418075136839908,5.0,8.50153,-26.61414,medium,0,1
274,PAL0809,55,Gentoo penguin (Pygoscelis papua),Anvers,Biscoe,"Adult, 1 Egg Stage",N15A1,Yes,11/4/08,46.5,14.4,14.418075136839908,4.9,8.48789,-26.83006,medium,1,0
275,PAL0809,56,Gentoo penguin (Pygoscelis papua),Anvers,Biscoe,"Adult, 1 Egg Stage",N15A2,Yes,11/4/08,45.0,15.4,14.418075136839908,5.05,8.63488,-26.75621,medium,0,1
276,PAL0809,57,Gentoo penguin (Pygoscelis papua),Anvers,Biscoe,"Adult, 1 Egg Stage",N16A1,Yes,11/3/08,43.8,13.9,14.418075136839908,4.3,8.58319,-26.84415,medium,1,0
277,PAL0809,58,Gentoo penguin (Pygoscelis papua),Anvers,Biscoe,"Adult, 1 Egg Stage",N16A2,Yes,11/3/08,45.5,15.0,14.418075136839908,5.0,8.63604,-26.7489,medium,0,1
278,PAL0809,59,Gentoo penguin (Pygoscelis papua),Anvers,Biscoe,"Adult, 1 Egg Stage",N17A1,Yes,11/6/08,43.2,14.5,14.418075136839908,4.45,8.48367,-26.86485,medium,1,0
279,PAL0809,60,Gentoo penguin (Pygoscelis papua),Anvers,Biscoe,"Adult, 1 Egg Stage",N17A2,Yes,11/6/08,50.4,15.3,14.418075136839908,5.55,8.74647,-26.79846,heavy,0,1
280,PAL0809,61,Gentoo penguin (Pygoscelis papua),Anvers,Biscoe,"Adult, 1 Egg Stage",N18A1,Yes,11/3/08,45.3,13.8,14.418075136839908,4.2,8.65015,-26.79053,medium,1,0
281,PAL0809,62,Gentoo penguin (Pygoscelis papua),Anvers,Biscoe,"Adult, 1 Egg Stage",N18A2,Yes,11/3/08,46.2,14.9,14.418075136839908,5.3,8.60092,-26.84374,heavy,0,1
282,PAL0809,63,Gentoo penguin (Pygoscelis papua),Anvers,Biscoe,"Adult, 1 Egg Stage",N19A1,Yes,11/13/08,45.7,13.9,14.418075136839908,4.4,8.6287,-26.60484,medium,1,0
283,PAL0809,64,Gentoo penguin (Pygoscelis papua),Anvers,Biscoe,"Adult, 1 Egg Stage",N19A2,Yes,11/13/08,54.3,15.7,14.418075136839908,5.65,8.49662,-26.84166,heavy,0,1
284,PAL0809,65,Gentoo penguin (Pygoscelis papua),Anvers,Biscoe,"Adult, 1 Egg Stage",N20A1,Yes,11/4/08,45.8,14.2,14.418075136839908,4.7,8.60447,-26.61601,medium,1,0
285,PAL0809,66,Gentoo penguin (Pygoscelis papua),Anvers,Biscoe,"Adult, 1 Egg Stage",N20A2,Yes,11/4/08,49.8,16.8,14.418075136839908,5.7,8.47067,-26.69166,heavy,0,1
286,PAL0809,67,Gentoo penguin (Pygoscelis papua),Anvers,Biscoe,"Adult, 1 Egg Stage",N51A1,Yes,11/9/08,46.2,14.4,14.418075136839908,4.65,8.24253,-26.8154,medium,0,0
287,PAL0809,68,Gentoo penguin (Pygoscelis papua),Anvers,Biscoe,"Adult, 1 Egg Stage",N51A2,Yes,11/9/08,49.5,16.2,14.418075136839908,5.8,8.49854,-26.74809,heavy,0,1
288,PAL0809,69,Gentoo penguin (Pygoscelis papua),Anvers,Biscoe,"Adult, 1 Egg Stage",N53A1,Yes,11/13/08,43.5,14.2,14.418075136839908,4.7,8.64931,-26.68867,medium,1,0
289,PAL0809,70,Gentoo penguin (Pygoscelis papua),Anvers,Biscoe,"Adult, 1 Egg Stage",N53A2,Yes,11/13/08,50.7,15.0,14.418075136839908,5.55,8.63551,-26.74249,heavy,0,1
290,PAL0809,71,Gentoo penguin (Pygoscelis papua),Anvers,Biscoe,"Adult, 1 Egg Stage",N54A1,Yes,11/3/08,47.7,15.0,14.418075136839908,4.75,8.53018,-26.72751,medium,1,0
291,PAL0809,72,Gentoo penguin (Pygoscelis papua),Anvers,Biscoe,"Adult, 1 Egg Stage",N54A2,Yes,11/3/08,46.4,15.6,14.418075136839908,5.0,8.35078,-26.70783,medium,0,1
292,PAL0809,73,Gentoo penguin (Pygoscelis papua),Anvers,Biscoe,"Adult, 1 Egg Stage",N55A1,Yes,11/9/08,48.2,15.6,14.418075136839908,5.1,8.24651,-26.66958,medium,0,1
293,PAL0809,74,Gentoo penguin (Pygoscelis papua),Anvers,Biscoe,"Adult, 1 Egg Stage",N55A2,Yes,11/9/08,46.5,14.8,14.418075136839908,5.2,8.58487,-26.5929,heavy,1,0
294,PAL0809,75,Gentoo penguin (Pygoscelis papua),Anvers,Biscoe,"Adult, 1 Egg Stage",N56A1,Yes,11/6/08,46.4,15.0,14.418075136839908,4.7,8.47938,-26.9547,medium,1,0
295,PAL0809,76,Gentoo penguin (Pygoscelis papua),Anvers,Biscoe,"Adult, 1 Egg Stage",N56A2,Yes,11/6/08,48.6,16.0,14.418075136839908,5.8,8.5964,-26.71199,heavy,0,1
296,PAL0809,77,Gentoo penguin (Pygoscelis papua),Anvers,Biscoe,"Adult, 1 Egg Stage",N58A1,Yes,11/6/08,47.5,14.2,14.418075136839908,4.6,8.39299,-26.78733,medium,1,0
297,PAL0809,78,Gentoo penguin (Pygoscelis papua),Anvers,Biscoe,"Adult, 1 Egg Stage",N58A2,Yes,11/6/08,51.1,16.3,14.418075136839908,6.0,8.40327,-26.76821,heavy,0,1
298,PAL0809,79,Gentoo penguin (Pygoscelis papua),Anvers,Biscoe,"Adult, 1 Egg Stage",N60A1,Yes,11/9/08,45.2,13.8,14.418075136839908,4.75,8.24694,-26.65359,medium,1,0
299,PAL0809,80,Gentoo penguin (Pygoscelis papua),Anvers,Biscoe,"Adult, 1 Egg Stage",N60A2,Yes,11/9/08,45.2,16.4,14.418075136839908,5.95,8.19749,-26.65931,heavy,0,1
300,PAL0910,81,Gentoo penguin (Pygoscelis papua),Anvers,Biscoe,"Adult, 1 Egg Stage",N1A1,Yes,11/18/09,49.1,14.5,14.418075136839908,4.625,8.35802,-26.2766,medium,1,0
301,PAL0910,82,Gentoo penguin (Pygoscelis papua),Anvers,Biscoe,"Adult, 1 Egg Stage",N1A2,Yes,11/18/09,52.5,15.6,14.418075136839908,5.45,8.28601,-26.27573,heavy,0,1
302,PAL0910,83,Gentoo penguin (Pygoscelis papua),Anvers,Biscoe,"Adult, 1 Egg Stage",N6A1,Yes,11/15/09,47.4,14.6,14.418075136839908,4.725,8.19101,-26.24369,medium,1,0
303,PAL0910,84,Gentoo penguin (Pygoscelis papua),Anvers,Biscoe,"Adult, 1 Egg Stage",N6A2,Yes,11/15/09,50.0,15.9,14.418075136839908,5.35,8.20042,-26.39677,heavy,0,1
304,PAL0910,85,Gentoo penguin (Pygoscelis papua),Anvers,Biscoe,"Adult, 1 Egg Stage",N8A1,Yes,11/22/09,44.9,13.8,14.418075136839908,4.75,8.11238,-26.20372,medium,1,0
305,PAL0910,86,Gentoo penguin (Pygoscelis papua),Anvers,Biscoe,"Adult, 1 Egg Stage",N8A2,Yes,11/22/09,50.8,17.3,14.418075136839908,5.6,8.27428,-26.30019,heavy,0,1
306,PAL0910,87,Gentoo penguin (Pygoscelis papua),Anvers,Biscoe,"Adult, 1 Egg Stage",N13A1,Yes,11/20/09,43.4,14.4,14.418075136839908,4.6,8.23468,-26.18599,medium,1,0
307,PAL0910,88,Gentoo penguin (Pygoscelis papua),Anvers,Biscoe,"Adult, 1 Egg Stage",N13A2,Yes,11/20/09,51.3,14.2,14.418075136839908,5.3,8.15426,-26.3433,heavy,0,1
308,PAL0910,89,Gentoo penguin (Pygoscelis papua),Anvers,Biscoe,"Adult, 1 Egg Stage",N14A1,Yes,11/25/09,47.5,14.0,14.418075136839908,4.875,8.12691,-26.23613,medium,1,0
309,PAL0910,90,Gentoo penguin (Pygoscelis papua),Anvers,Biscoe,"Adult, 1 Egg Stage",N14A2,Yes,11/25/09,52.1,17.0,14.418075136839908,5.55,8.27595,-26.11657,heavy,0,1
310,PAL0910,91,Gentoo penguin (Pygoscelis papua),Anvers,Biscoe,"Adult, 1 Egg Stage",N15A1,Yes,11/25/09,47.5,15.0,14.418075136839908,4.95,8.29671,-26.08547,medium,1,0
311,PAL0910,92,Gentoo penguin (Pygoscelis papua),Anvers,Biscoe,"Adult, 1 Egg Stage",N15A2,Yes,11/25/09,52.2,17.1,14.418075136839908,5.4,8.36701,-25.89834,heavy,0,1
312,PAL0910,93,Gentoo penguin (Pygoscelis papua),Anvers,Biscoe,"Adult, 1 Egg Stage",N18A1,Yes,12/1/09,45.5,14.5,14.418075136839908,4.75,8.15566,-26.22848,medium,1,0
313,PAL0910,94,Gentoo penguin (Pygoscelis papua),Anvers,Biscoe,"Adult, 1 Egg Stage",N18A2,Yes,12/1/09,49.5,16.1,14.418075136839908,5.65,8.83352,-25.69195,heavy,0,1
314,PAL0910,95,Gentoo penguin (Pygoscelis papua),Anvers,Biscoe,"Adult, 1 Egg Stage",N19A1,Yes,11/27/09,44.5,14.7,14.418075136839908,4.85,8.20106,-26.16524,medium,1,0
315,PAL0910,96,Gentoo penguin (Pygoscelis papua),Anvers,Biscoe,"Adult, 1 Egg Stage",N19A2,Yes,11/27/09,50.8,15.7,14.418075136839908,5.2,8.27102,-26.11244,heavy,0,1
316,PAL0910,97,Gentoo penguin (Pygoscelis papua),Anvers,Biscoe,"Adult, 1 Egg Stage",N20A1,Yes,11/18/09,49.4,15.8,14.418075136839908,4.925,8.03624,-26.06594,medium,0,1
317,PAL0910,98,Gentoo penguin (Pygoscelis papua),Anvers,Biscoe,"Adult, 1 Egg Stage",N20A2,Yes,11/18/09,46.9,14.6,14.418075136839908,4.875,7.8881,-26.04726,medium,1,0
318,PAL0910,99,Gentoo penguin (Pygoscelis papua),Anvers,Biscoe,"Adult, 1 Egg Stage",N21A1,Yes,11/18/09,48.4,14.4,14.418075136839908,4.625,8.16582,-26.13971,medium,1,0
319,PAL0910,100,Gentoo penguin (Pygoscelis papua),Anvers,Biscoe,"Adult, 1 Egg Stage",N21A2,Yes,11/18/09,51.1,16.5,14.418075136839908,5.25,8.2066,-26.36863,heavy,0,1
320,PAL0910,101,Gentoo penguin (Pygoscelis papua),Anvers,Biscoe,"Adult, 1 Egg Stage",N22A1,Yes,11/22/09,48.5,15.0,14.418075136839908,4.85,8.10231,-26.18763,medium,1,0
321,PAL0910,102,Gentoo penguin (Pygoscelis papua),Anvers,Biscoe,"Adult, 1 Egg Stage",N22A2,Yes,11/22/09,55.9,17.0,14.418075136839908,5.6,8.3118,-26.35425,heavy,0,1
322,PAL0910,103,Gentoo penguin (Pygoscelis papua),Anvers,Biscoe,"Adult, 1 Egg Stage",N23A1,Yes,11/18/09,47.2,15.5,14.418075136839908,4.975,8.30817,-26.21651,medium,1,0
323,PAL0910,104,Gentoo penguin (Pygoscelis papua),Anvers,Biscoe,"Adult, 1 Egg Stage",N23A2,Yes,11/18/09,49.1,15.0,14.418075136839908,5.5,8.65914,-25.79203,heavy,0,1
324,PAL0910,105,Gentoo penguin (Pygoscelis papua),Anvers,Biscoe,"Adult, 1 Egg Stage",N24A1,Yes,12/1/09,47.3,13.8,14.418075136839908,4.725,8.25818,-26.23886,medium,0,0
325,PAL0910,106,Gentoo penguin (Pygoscelis papua),Anvers,Biscoe,"Adult, 1 Egg Stage",N24A2,Yes,12/1/09,46.8,16.1,14.418075136839908,5.5,8.32359,-26.05756,heavy,0,1
326,PAL0910,107,Gentoo penguin (Pygoscelis papua),Anvers,Biscoe,"Adult, 1 Egg Stage",N28A1,Yes,11/10/09,41.7,14.7,14.418075136839908,4.7,8.12311,-26.44815,medium,1,0
327,PAL0910,108,Gentoo penguin (Pygoscelis papua),Anvers,Biscoe,"Adult, 1 Egg Stage",N28A2,Yes,11/10/09,53.4,15.8,14.418075136839908,5.5,8.41017,-26.33867,heavy,0,1
328,PAL0910,109,Gentoo penguin (Pygoscelis papua),Anvers,Biscoe,"Adult, 1 Egg Stage",N29A1,Yes,11/9/09,43.3,14.0,14.418075136839908,4.575,8.4207,-26.38092,medium,1,0
329,PAL0910,110,Gentoo penguin (Pygoscelis papua),Anvers,Biscoe,"Adult, 1 Egg Stage",N29A2,Yes,11/9/09,48.1,15.1,14.418075136839908,5.5,8.45738,-26.22664,heavy,0,1
330,PAL0910,111,Gentoo penguin (Pygoscelis papua),Anvers,Biscoe,"Adult, 1 Egg Stage",N32A1,Yes,11/20/09,50.5,15.2,14.418075136839908,5.0,8.24691,-26.18466,medium,1,0
331,PAL0910,112,Gentoo penguin (Pygoscelis papua),Anvers,Biscoe,"Adult, 1 Egg Stage",N32A2,Yes,11/20/09,49.8,15.9,14.418075136839908,5.95,8.29226,-26.21019,heavy,0,1
332,PAL0910,113,Gentoo penguin (Pygoscelis papua),Anvers,Biscoe,"Adult, 1 Egg Stage",N34A1,Yes,11/27/09,43.5,15.2,14.418075136839908,4.65,8.21634,-26.11046,medium,1,0
333,PAL0910,114,Gentoo penguin (Pygoscelis papua),Anvers,Biscoe,"Adult, 1 Egg Stage",N34A2,Yes,11/27/09,51.5,16.3,14.418075136839908,5.5,8.78557,-25.76147,heavy,0,1
334,PAL0910,115,Gentoo penguin (Pygoscelis papua),Anvers,Biscoe,"Adult, 1 Egg Stage",N35A1,Yes,11/25/09,46.2,14.1,14.418075136839908,4.375,8.30231,-25.96013,medium,1,0
335,PAL0910,116,Gentoo penguin (Pygoscelis papua),Anvers,Biscoe,"Adult, 1 Egg Stage",N35A2,Yes,11/25/09,55.1,16.0,14.418075136839908,5.85,8.08354,-26.18161,heavy,0,1
336,PAL0910,117,Gentoo penguin (Pygoscelis papua),Anvers,Biscoe,"Adult, 1 Egg Stage",N36A1,Yes,12/1/09,44.5,15.7,14.418075136839908,4.875,8.04111,-26.18444,medium,0,0
337,PAL0910,118,Gentoo penguin (Pygoscelis papua),Anvers,Biscoe,"Adult, 1 Egg Stage",N36A2,Yes,12/1/09,48.8,16.2,14.418075136839908,6.0,8.33825,-25.88547,heavy,0,1
338,PAL0910,119,Gentoo penguin (Pygoscelis papua),Anvers,Biscoe,"Adult, 1 Egg Stage",N38A1,No,12/1/09,47.2,13.7,14.418075136839908,4.925,7.99184,-26.20538,medium,1,0
340,PAL0910,121,Gentoo penguin (Pygoscelis papua),Anvers,Biscoe,"Adult, 1 Egg Stage",N39A1,Yes,11/22/09,46.8,14.3,14.418075136839908,4.85,8.41151,-26.13832,medium,1,0
341,PAL0910,122,Gentoo penguin (Pygoscelis papua),Anvers,Biscoe,"Adult, 1 Egg Stage",N39A2,Yes,11/22/09,50.4,15.7,14.418075136839908,5.75,8.30166,-26.04117,heavy,0,1
342,PAL0910,123,Gentoo penguin (Pygoscelis papua),Anvers,Biscoe,"Adult, 1 Egg Stage",N43A1,Yes,11/22/09,45.2,14.8,14.418075136839908,5.2,8.24246,-26.11969,heavy,1,0
343,PAL0910,124,Gentoo penguin (Pygoscelis papua),Anvers,Biscoe,"Adult, 1 Egg Stage",N43A2,Yes,11/22/09,49.9,16.1,14.418075136839908,5.4,8.3639,-26.15531,heavy,0,1
